rank,island_id,faces,summed_uv_area,min_u,min_v,max_u,max_v
0,46,638,0.06939673421569115,0.4548242390155792,0.27138134837150574,0.7258884310722351,0.7254928946495056
1,163,544,0.03495446067945396,0.3348918557167053,0.06600537896156311,0.7260304093360901,0.2311963587999344
2,211,501,0.0553401864565326,0.13228128850460052,0.1343640238046646,0.3833654820919037,0.5340283513069153
3,212,303,0.03311344283933204,0.3151527941226959,0.3123202919960022,0.4984268546104431,0.7259045243263245
4,89,208,0.018345217282280224,0.7212365865707397,0.22621718049049377,0.8842830657958984,0.39887383580207825
5,162,186,0.028946541849684024,0.000787304132245481,0.0007872529095038772,0.1795516163110733,0.23007425665855408
6,266,172,0.026945079984392883,0.35589829087257385,0.7128334045410156,0.5570712685585022,0.8788744807243347
7,486,171,0.02749029209437004,0.02018902078270912,0.7010709047317505,0.22580315172672272,0.8829309344291687
8,44,169,0.011762028653891976,0.21158626675605774,0.3897509276866913,0.29962873458862305,0.7262008190155029
9,140,165,0.01679288584202876,0.7086211442947388,0.4297522306442261,0.8356069326400757,0.6084516048431396
10,544,164,0.027284510672812345,0.6532019972801208,0.6239467263221741,0.834254801273346,0.8369589447975159
11,88,156,0.005112588773160287,0.30626267194747925,0.02103915810585022,0.44890210032463074,0.08383110165596008
12,131,153,0.02562471265625249,0.0151467714458704,0.5038560032844543,0.17171339690685272,0.7262164354324341
13,256,142,0.016528001945306126,0.712805449962616,0.052713241428136826,0.8274942636489868,0.23121163249015808
14,1,138,0.00848174312763339,0.27379781007766724,0.4824294149875641,0.37453579902648926,0.6436066031455994
15,537,135,0.022829132704272226,0.5551193952560425,0.8168232440948486,0.7247334718704224,0.9681140184402466
16,0,131,0.012439409034832424,0.15544097125530243,0.0018942104652523994,0.34343716502189636,0.12980303168296814
17,222,117,0.0008835512645060106,0.3065662384033203,0.9512632489204407,0.3420850336551666,0.9883959889411926
18,45,115,0.012325269157969831,0.23258231580257416,0.7218084335327148,0.3529019355773926,0.8707618713378906
19,115,114,0.0008857845383811735,0.7330664396286011,0.9534122347831726,0.7693532705307007,0.9897480607032776
20,241,112,0.0009404417190612691,0.14577844738960266,0.9550021290779114,0.18118338286876678,0.9911000728607178
21,442,112,0.0009401070266163991,0.14394694566726685,0.672576367855072,0.17983129620552063,0.7085081338882446
22,214,104,0.0031075270205289662,0.40575915575027466,0.24515089392662048,0.5192120671272278,0.3190990686416626
23,141,103,0.011917479264952527,0.013863258995115757,0.22244301438331604,0.1095213070511818,0.40563443303108215
24,255,93,0.0128605136146418,0.63681960105896,0.23348096013069153,0.725842297077179,0.459656685590744
25,215,84,0.003095829294082692,0.0011825888650491834,0.39479613304138184,0.12709879875183105,0.4516063630580902
26,188,76,0.011488989550729245,0.8017070889472961,0.001638737041503191,0.9410718679428101,0.13385935127735138
27,257,73,0.002645901602562617,0.3687928318977356,0.20170176029205322,0.42456403374671936,0.32180336117744446
28,282,65,0.0022599308603217516,0.0012455042451620102,0.8142768144607544,0.05814093351364136,0.9005084037780762
29,100,63,0.0008723834731717561,0.12182740867137909,0.29269281029701233,0.1500847190618515,0.3840005695819855
30,37,62,0.0021999707934501345,0.8294529914855957,0.13589294254779816,0.8707618713378906,0.22985947132110596
31,302,54,0.003289018257412124,0.8343711495399475,0.6509778499603271,0.8896914720535278,0.7423110008239746
32,490,47,0.0015584790778488955,0.17487281560897827,0.4609103202819824,0.232563778758049,0.5732966065406799
33,21,44,0.0016048507750179297,0.3848825693130493,0.8750610947608948,0.42456403374671936,0.9248464703559875
34,36,43,0.000674994365940762,0.8890904784202576,0.8640451431274414,0.9194380640983582,0.9194380640983582
35,690,43,0.0009561570314247092,0.9458839297294617,0.564537525177002,0.9802830815315247,0.6030431985855103
36,35,40,0.0007888816445520419,0.485160231590271,0.8734110593795776,0.5124514698982239,0.9221421480178833
37,77,40,0.0010807889222550493,0.40368661284446716,0.47965019941329956,0.42997246980667114,0.57059246301651
38,465,40,0.0008208402719223074,0.9129036068916321,0.9559852480888367,0.9478324055671692,0.9911000728607178
39,615,36,0.0004469454370465975,0.21751458942890167,0.7278417348861694,0.23256373405456543,0.7815223932266235
40,159,35,0.0013276556449532961,0.3483855426311493,0.8590278029441833,0.3826484978199005,0.9194380640983582
41,602,35,0.0008558152505848682,0.3694463074207306,0.5043663382530212,0.4042823016643524,0.5922262668609619
42,4,34,0.001541668568211918,0.8533982634544373,0.5836722254753113,0.9059168100357056,0.6490150094032288
43,173,34,0.0007377259988268214,0.5582703351974487,0.14748583734035492,0.5841135382652283,0.20957784354686737
44,47,33,0.0046334435908474275,0.0009452147642150521,0.4511216878890991,0.11898607015609741,0.5056909322738647
45,28,32,0.0007592295939549132,0.9244807958602905,0.8673734664916992,0.9586492776870728,0.9072690010070801
46,170,32,0.0016815237806753203,0.8830735683441162,0.24206016957759857,0.9221422076225281,0.3028737008571625
47,183,32,0.00028747065132872507,0.963732123374939,0.4502629339694977,0.9775789380073547,0.48676133155822754
48,158,31,0.0008604741154440987,0.7247870564460754,0.3815672993659973,0.746367335319519,0.4434936046600342
49,295,31,0.00047216478971501274,0.935870349407196,0.18184727430343628,0.9518887996673584,0.22174681723117828
50,321,31,0.002647664332037891,0.4995361864566803,0.30354705452919006,0.5408459305763245,0.41239500045776367
51,22,30,0.0031699351493540175,0.4143957793712616,0.0011059623211622238,0.532733142375946,0.04597190394997597
52,243,30,0.0018900314100793736,0.9143459796905518,0.9134218692779541,0.9545930027961731,0.9545930027961731
53,284,30,0.0005537038273004669,0.9112475514411926,0.5625637769699097,0.9275506734848022,0.605747401714325
54,300,30,0.0004340109036715667,0.19805747270584106,0.500354528427124,0.2095777690410614,0.5651839375495911
55,499,30,0.0009182477950036017,0.619784414768219,0.33633992075920105,0.6571277976036072,0.42726829648017883
56,6,29,0.000777661208260616,0.055050160735845566,0.8610910773277283,0.08383113890886307,0.9194380640983582
57,119,29,0.001018967791779346,0.907985270023346,0.35687172412872314,0.9478324055671692,0.39887383580207825
58,184,29,0.00041548014652903476,0.8361203670501709,0.7346882820129395,0.8599449396133423,0.7842265963554382
59,711,28,0.004536780248029563,0.6598445773124695,0.0011370971333235502,0.7625927329063416,0.0973522886633873
60,178,27,0.0006981889589927626,0.2129693180322647,0.49333932995796204,0.23391586542129517,0.5597755312919617
61,244,27,0.0011668010183125688,0.8571781516075134,0.9056199789047241,0.8991562128067017,0.947832465171814
62,249,27,0.0006440275848529353,0.8571019768714905,0.5125629305839539,0.8896914720535278,0.5989868640899658
63,283,27,0.0015002030404343003,0.8347182869911194,0.771281898021698,0.8640012741088867,0.8653534650802612
64,13,26,0.002723218324229837,0.17366528511047363,0.5727306008338928,0.21498624980449677,0.6760573983192444
65,177,26,0.0004257206769411326,0.8974680304527283,0.3946523666381836,0.9167337417602539,0.44890210032463074
66,603,26,0.0006317699821485334,0.3415135443210602,0.7164100408554077,0.3691273033618927,0.7652969360351562
67,7,25,0.001090716663000979,0.09109270572662354,0.8690629005432129,0.12304245680570602,0.9221422672271729
68,20,25,0.0020846371808493913,0.49930068850517273,0.4052524268627167,0.5327332019805908,0.50569087266922
69,30,25,0.0023631443922909057,0.728759229183197,0.8403562903404236,0.8193815350532532,0.8869872689247131
70,120,25,0.0011860507365517303,0.0010503074154257774,0.8999452590942383,0.04191555455327034,0.9424239993095398
71,143,25,0.0005346758425872622,0.8830722570419312,0.6555050015449524,0.9113253355026245,0.7166208028793335
72,185,25,0.00030099803032701544,0.9771595597267151,0.3518749475479126,0.9911000728607178,0.3853526711463928
73,245,25,0.0009676079833589313,0.7960588335990906,0.903962254524231,0.834254801273346,0.9464803338050842
74,5,24,0.003723294506531971,0.5524840354919434,0.7529011368751526,0.6490151882171631,0.8085646033287048
75,38,24,0.0005178657964304278,0.447731614112854,0.2726506292819977,0.46783170104026794,0.3190990388393402
76,70,24,0.0038262516294809146,0.22495894134044647,0.8573087453842163,0.29881736636161804,0.9383676648139954
77,9,23,0.000753310934719309,0.919899046421051,0.2953658998012543,0.9505366683006287,0.33667659759521484
78,10,23,0.0021381982600967575,0.5435268878936768,0.7173521518707275,0.6422545313835144,0.7517757415771484
79,34,23,0.0005337599864141396,0.6169803142547607,0.9662713408470154,0.6422544717788696,0.9965085983276367
80,123,23,0.0008526117012830348,0.9182170629501343,0.14055447280406952,0.9437760710716248,0.1825355440378189
81,171,23,0.001522738521964051,0.8758498430252075,0.3454623222351074,0.9059168696403503,0.4164513051509857
82,259,23,0.000951096677372476,0.8349913954734802,0.8669980764389038,0.8640013337135315,0.9167337417602539
83,276,23,0.0006741040595135139,0.15258555114269257,0.5179399251937866,0.1717185527086258,0.5814093351364136
84,558,23,0.0004293261641841184,0.5162954926490784,0.9540635347366333,0.5340853333473206,0.9897480010986328
85,165,22,0.00100236158510425,0.14539115130901337,0.8784985542297363,0.1784791499376297,0.9248464703559875
86,32,21,0.0025645237889548866,0.5093087553977966,0.23116326332092285,0.6165642738342285,0.2663666009902954
87,39,21,0.0002910230408428305,0.18384826183319092,0.9656489491462708,0.19876086711883545,0.9965085983276367
88,156,21,0.000405173147887794,0.9563815593719482,0.6034548282623291,0.981635332107544,0.6409024000167847
89,169,21,0.0010822359269528903,0.5154207944869995,0.8774750232696533,0.5421980023384094,0.9248464703559875
90,64,20,0.000637868797948471,0.8153901696205139,0.8566065430641174,0.8369590044021606,0.914029598236084
91,8,19,0.0010087913146019645,0.18163666129112244,0.6619893908500671,0.21092987060546875,0.7193250060081482
92,43,19,0.002951344017039337,0.23171070218086243,0.10294818133115768,0.3623667061328888,0.14197206497192383
93,191,19,0.0021942139519630643,0.871382474899292,0.15579362213611603,0.9032126665115356,0.24202856421470642
94,494,19,0.0005965533169227655,0.9018199443817139,0.3041238486766815,0.9194380640983582,0.3542540669441223
95,51,18,0.0024233959881625466,0.8489833474159241,0.4054950773715973,0.9005084037780762,0.49352186918258667
96,285,18,0.00037110528581110747,0.7865833044052124,0.005781124345958233,0.800451934337616,0.05138034000992775
97,293,18,0.0002924856053647673,0.6773691177368164,0.041180770844221115,0.6868743300437927,0.090591661632061
98,443,18,0.0011383489982055295,0.9107581973075867,0.7870782613754272,0.9505366683006287,0.8288463354110718
99,684,18,0.0011074482325339474,0.131357803940773,0.917129635810852,0.16766221821308136,0.9572972655296326
100,41,17,0.005649057008688452,0.5426726937294006,0.0015770355239510536,0.6490150690078735,0.06760569661855698
101,116,17,0.00099174477333408,0.06318560242652893,0.919914722442627,0.10276074707508087,0.9600014686584473
102,187,17,0.004095771915968882,0.2937677502632141,0.639729917049408,0.3556061387062073,0.7409588694572449
103,294,17,0.0005184487767273538,0.7284216284751892,0.5920584201812744,0.7436630725860596,0.6463108658790588
104,299,17,0.0010132835326883693,0.430318683385849,0.6211281418800354,0.4516063332557678,0.700395405292511
105,329,17,0.0018373080229929784,0.3007737696170807,0.8737631440162659,0.34614139795303345,0.9248464703559875
106,461,17,0.0010296318140263216,0.013509866781532764,0.9430776834487915,0.050028249621391296,0.981635332107544
107,462,17,0.0010115504355185934,0.0989077240228653,0.9447942972183228,0.13521148264408112,0.9829874038696289
108,466,17,0.0007871199139977136,0.8591654300689697,0.949401319026947,0.8910435438156128,0.9870437383651733
109,685,17,0.0010101832220126283,0.7801550626754761,0.9478379487991333,0.8166773319244385,0.9856916666030884
110,691,17,0.0007820935801650108,0.9498631358146667,0.7719852328300476,0.981635332107544,0.809916615486145
111,67,16,0.00041137399216939485,0.1264486163854599,0.8739864230155945,0.14197206497192383,0.9194381237030029
112,181,16,0.0014508574371561167,0.8677099943161011,0.8231552839279175,0.895099937915802,0.9059168696403503
113,296,16,0.00027545946268103805,0.25705578923225403,0.38889145851135254,0.2731271982192993,0.4353809654712677
114,444,16,0.0009818603047628827,0.2940680682659149,0.9206097722053528,0.32991600036621094,0.9600014686584473
115,662,16,0.0009099280825473066,0.19531597197055817,0.8726018071174622,0.22039470076560974,0.9221422672271729
116,263,15,0.00029131984596197924,0.5343977212905884,0.9623702764511108,0.5557191967964172,0.9938043355941772
117,272,15,0.00032553755204833834,0.5291033387184143,0.15296109020709991,0.5530149340629578,0.17983122169971466
118,304,15,0.0004913212197221739,0.40803834795951843,0.6566368341445923,0.424564003944397,0.7112123370170593
119,504,15,0.002233039753668009,0.09524182975292206,0.21123690903186798,0.13250724971294403,0.3272117078304291
120,507,15,0.0003435585126609908,0.59066241979599,0.9683380126953125,0.6152122616767883,0.9965086579322815
121,657,15,0.0009817902281934465,0.20767389237880707,0.924748957157135,0.2406764030456543,0.9640577435493469
122,659,15,0.0009534388736787136,0.24757613241672516,0.9359753131866455,0.2798877954483032,0.9748746752738953
123,664,15,0.0009441005693027194,0.7629785537719727,0.8830999732017517,0.7936913371086121,0.927550733089447
124,121,14,0.0008733040797430647,0.9113505482673645,0.6459246873855591,0.9410718679428101,0.6882264018058777
125,147,14,0.00041142671126337405,0.6560192704200745,0.9604328870773315,0.6787615418434143,0.9924522638320923
126,665,14,0.0008428599769993994,0.959342896938324,0.12227550148963928,0.989747941493988,0.15819743275642395
127,26,13,0.00015863853925446314,0.14803451299667358,0.3147432804107666,0.16090168058872223,0.3623667359352112
128,57,13,0.0004006051291914406,0.9577015042304993,0.0010604484705254436,0.97487473487854,0.03921131789684296
129,130,13,0.0010346886049124038,0.9211058616638184,0.6054047346115112,0.9532408714294434,0.6463108658790588
130,155,13,0.00029982679493301134,0.9592570066452026,0.08570961654186249,0.9748747944831848,0.12304238975048065
131,164,13,0.0006143475778317142,0.0016577611677348614,0.7223476767539978,0.03245072811841965,0.7842265367507935
132,232,13,0.0012768359541485697,0.3653123378753662,0.06056709960103035,0.39211326837539673,0.1257466971874237
133,262,13,0.00030286695637293803,0.6161104440689087,0.0701780915260315,0.6381981372833252,0.09464803338050842
134,432,13,0.0008078309974415276,0.9569913148880005,0.6860663890838623,0.9897480010986328,0.7220292687416077
135,433,13,0.00106149395597388,0.913328230381012,0.4750758111476898,0.9532408118247986,0.5165078639984131
136,453,13,0.0008934417831509833,0.40755054354667664,0.9159741401672363,0.43943724036216736,0.9559451341629028
137,454,13,0.0008719251088074031,0.8258852958679199,0.91908198595047,0.8572407960891724,0.9586492776870728
138,579,13,0.001096368014743554,0.8411953449249268,0.487771600484848,0.8680576682090759,0.5787050724029541
139,654,13,0.0010627929763220578,0.9116889834403992,0.40070950984954834,0.9518887400627136,0.4421415627002716
140,667,13,0.0010559931018008228,0.7272084355354309,0.8840455412864685,0.7585363388061523,0.927550733089447
141,679,13,0.0008690778599387272,0.9245896339416504,0.4334873557090759,0.9559451937675476,0.4732401967048645
142,715,13,0.0005334596693591202,0.001971800345927477,0.28963756561279297,0.012169023044407368,0.3785921335220337
143,753,13,0.0003915429462004738,0.6283991932868958,0.24697884917259216,0.6463108658790588,0.31233853101730347
144,117,12,0.000916524876550362,0.47717857360839844,0.9193524122238159,0.5151557326316833,0.9586493372917175
145,153,12,0.00031317457315083175,0.7164261937141418,0.9615285396575928,0.7314940690994263,0.9924522638320923
146,196,12,0.0006492328639447348,0.7624018788337708,0.001929489546455443,0.7842265367507935,0.056788839399814606
147,307,12,0.0002677435805691353,0.9768744111061096,0.19339489936828613,0.991100013256073,0.22715526819229126
148,324,12,0.000884127123615075,0.23700805008411407,0.4211519956588745,0.25554966926574707,0.5002825260162354
149,338,12,0.002019874159373103,0.8687114119529724,0.4960462152957916,0.9167338013648987,0.5611276030540466
150,380,12,0.00030559983364764065,0.6079304814338684,0.20730531215667725,0.6300854682922363,0.26771873235702515
151,402,12,0.0007351683384269059,0.9484061002731323,0.16036920249462128,0.9735226631164551,0.19876091182231903
152,431,12,0.0007659438530129847,0.4032776653766632,0.9541828632354736,0.4340288043022156,0.989747941493988
153,467,12,0.0010386663623842551,0.3340476155281067,0.9200587868690491,0.3691273033618927,0.9600014686584473
154,656,12,0.0008113165222081165,0.34492024779319763,0.9647133946418762,0.375887930393219,0.9965085387229919
155,725,12,0.00027965193140744304,0.5698542594909668,0.47291868925094604,0.590874195098877,0.5002824664115906
156,58,11,0.0002591859449427858,0.9290552735328674,0.5559568405151367,0.9424239993095398,0.5962826013565063
157,65,11,0.0004869070312660817,0.28727078437805176,0.4711429178714752,0.3028736710548401,0.5273247361183167
158,168,11,0.0005337896179096191,0.3004242181777954,0.3824971914291382,0.3258596956729889,0.4921697676181793
159,242,11,0.0009120839205494224,0.9412438869476318,0.04442351311445236,0.9789310097694397,0.08247897773981094
160,254,11,0.00036048955640310965,0.9304139018058777,0.8265545964241028,0.9437760710716248,0.8667054772377014
161,258,11,0.00016686894967321564,0.9796196818351746,0.5831940174102783,0.9897480010986328,0.6152121424674988
162,261,11,0.0004204220684127513,0.4690406918525696,0.19663217663764954,0.4867613911628723,0.24202851951122284
163,308,11,0.000253543610561735,0.6939874291419983,0.966576337814331,0.7098603248596191,0.9951564073562622
164,434,11,0.0008775783839318763,0.5215988755226135,0.9206631183624268,0.5543670654296875,0.9600014686584473
165,483,11,0.0009309891379505331,0.9425005316734314,0.6492211222648621,0.9735226035118103,0.6882264614105225
166,488,11,0.00047073309665979224,0.12640012800693512,0.40612128376960754,0.13521148264408112,0.48946553468704224
167,514,11,0.0003026740103521733,0.002067702356725931,0.6620410680770874,0.013521180488169193,0.7139165997505188
168,546,11,0.00018726936369262148,0.9028233289718628,0.9192889332771301,0.9113253355026245,0.9586493372917175
169,655,11,0.0008737367158531129,0.4418240487575531,0.9304150938987732,0.4745922386646271,0.9694662690162659
170,688,11,0.0009300203132944773,0.3706068694591522,0.92752605676651,0.4015780985355377,0.9667620658874512
171,14,10,0.00029576138340958735,0.16149793565273285,0.2784878611564636,0.17847920954227448,0.3042258322238922
172,19,10,0.0008770215350467781,0.0012261358788236976,0.19221283495426178,0.01757754385471344,0.28935256600379944
173,33,10,0.0027773230619185796,0.8599530458450317,0.7463245987892151,0.9032126665115356,0.8329026699066162
174,104,10,0.00031605018072689006,0.8939363956451416,0.9532965421676636,0.9072690606117249,0.9883958101272583
175,118,10,0.0008257778407685379,0.9432592391967773,0.3669043481349945,0.9735227227210999,0.40563443303108215
176,157,10,0.0002578148437959449,0.3366478383541107,0.07704322040081024,0.356958270072937,0.1027606800198555
177,209,10,0.0009977406187908489,0.6529158353805542,0.014770819805562496,0.6760573983192444,0.08518322557210922
178,227,10,3.81394043297012e-05,0.1561395525932312,0.01879146695137024,0.1595495343208313,0.04056347534060478
179,246,10,0.0008610431752558156,0.942474901676178,0.7263801693916321,0.9735226631164551,0.7652969360351562
180,260,10,0.0002501220146884364,0.2769510746002197,0.6379151940345764,0.29340890049934387,0.6747052073478699
181,274,10,0.0002858319606400428,0.0008256386499851942,0.0019366847118362784,0.008112682029604912,0.0594930574297905
182,281,10,0.000212283375583322,0.9753627181053162,0.1602281928062439,0.9829874038696289,0.19470450282096863
183,383,10,0.0001495453402453606,0.18240348994731903,0.8749355673789978,0.19200031459331512,0.9180858731269836
184,436,10,0.0008543406156160671,0.9515160322189331,0.9450249671936035,0.981635332107544,0.9829874038696289
185,450,10,0.0006695464168937626,0.04582509770989418,0.9018533229827881,0.06625362485647202,0.9437761306762695
186,469,10,0.0008559976919606527,0.7508065700531006,0.9219856262207031,0.7855786681175232,0.9613536596298218
187,484,10,0.0008885551676702796,0.9443833231925964,0.21670331060886383,0.9748747944831848,0.25554966926574707
188,576,10,0.0016483734794620064,0.44284796714782715,0.03976300731301308,0.551662802696228,0.06760573387145996
189,578,10,0.0009635579182112608,0.0016294106608256698,0.5044225454330444,0.01892961375415325,0.5868178009986877
190,660,10,0.0008405549623438091,0.9520470499992371,0.28087612986564636,0.981635332107544,0.3190990388393402
191,661,10,0.00038726847575398793,0.30804356932640076,0.4387117922306061,0.32721173763275146,0.4664795994758606
192,668,10,2.1177600846411515e-05,0.4501495063304901,0.046398259699344635,0.4570147395133972,0.05408459156751633
193,687,10,0.0007660535400422219,0.9035125970840454,0.7420595288276672,0.9248464703559875,0.7855786681175232
194,689,10,0.0008946745871696304,0.9266807436943054,0.08079838752746582,0.9572972655296326,0.12033820152282715
195,696,10,0.000899329412600465,0.9272608160972595,0.0016853507841005921,0.9545930027961731,0.041915569454431534
196,697,10,0.0008600006459684728,0.17074625194072723,0.9230502843856812,0.20552146434783936,0.9627057313919067
197,202,9,0.0017853213202760898,0.42818745970726013,0.8791767358779907,0.4759443402290344,0.927550733089447
198,230,9,0.0006026590960725997,0.8971790075302124,0.8206421136856079,0.9140295386314392,0.8734661340713501
199,247,9,0.0007582238743610858,0.2279551923274994,0.967220664024353,0.25825393199920654,0.9978607296943665
200,286,9,0.00020032846932416248,0.5015543103218079,0.9611085057258606,0.5124514698982239,0.991100013256073
201,291,9,0.00010610280400591421,0.9772912859916687,0.8219431042671204,0.9843395352363586,0.8545365333557129
202,403,9,0.00012004957961742058,0.3646446466445923,0.21839356422424316,0.3731836676597595,0.24202850461006165
203,427,9,0.0002756720925605194,0.9030688405036926,0.4476332366466522,0.912677526473999,0.49216973781585693
204,435,9,0.0005008904028684924,0.9623445868492126,0.8518535494804382,0.9802831411361694,0.8883394002914429
205,458,9,0.0007711172566686741,0.5597848296165466,0.9685541391372681,0.5895220041275024,0.9992127418518066
206,459,9,0.0007915922970074263,0.9546172618865967,0.5002867579460144,0.9843394756317139,0.538141667842865
207,497,9,0.00037882484259910143,0.5542094111442566,0.49026668071746826,0.5678882598876953,0.5678881406784058
208,530,9,0.0003741750154970802,0.5205175280570984,0.2675949037075043,0.5354374647140503,0.3299160301685333
209,678,9,0.0005379552831143997,0.8196733593940735,0.9587165117263794,0.8396633267402649,0.9938043355941772
210,680,9,0.0007868527827046279,0.9558221697807312,0.4096471667289734,0.9856916069984436,0.4475499391555786
211,750,9,0.0002179435306981503,0.9548534154891968,0.8216975927352905,0.9640577435493469,0.8599449992179871
212,2,8,3.066119315420224e-05,0.3943515121936798,0.09769570082426071,0.4002259373664856,0.10546493530273438
213,31,8,0.00036232651680778716,0.6686624884605408,0.2094731330871582,0.6909306049346924,0.23391585052013397
214,49,8,0.0022031935998079177,0.8123589158058167,0.5699014067649841,0.8572407364845276,0.6638883948326111
215,129,8,0.00017398494264364572,0.6296583414077759,0.21231205761432648,0.6449587345123291,0.2285073697566986
216,137,8,0.0002952971306191543,0.9382696747779846,0.2507658302783966,0.9518886804580688,0.2907046675682068
217,151,8,0.00017411810392431448,0.9793732166290283,0.748716413974762,0.9911001324653625,0.7801701426506042
218,182,8,6.159116546156085e-05,0.15659266710281372,0.3163158893585205,0.166310116648674,0.32991600036621094
219,216,8,3.0831742215298164e-05,0.5659852623939514,0.536087691783905,0.5692403316497803,0.5530149340629578
220,220,8,3.945768327850985e-05,0.29392337799072266,0.4468889832496643,0.2974652647972107,0.46783170104026794
221,439,8,0.00028934318916151724,0.9454637169837952,0.1210322454571724,0.9559451341629028,0.16090168058872223
222,723,8,0.0002563257093850524,0.979409396648407,0.27481117844581604,0.995156466960907,0.30557793378829956
223,757,8,0.0002257978739503841,0.961981475353241,0.9033021926879883,0.9721704721450806,0.9397197365760803
224,18,7,0.00012341654616591577,0.39107993245124817,0.001732127508148551,0.4069865345954895,0.01892961375415325
225,40,7,4.790406803589775e-05,0.3711170554161072,0.5383977890014648,0.37723997235298157,0.5543670654296875
226,52,7,0.0010053192332390992,0.7227901816368103,0.2539030909538269,0.7463672757148743,0.32045120000839233
227,73,7,0.0007430806235682041,0.8871138691902161,0.6944842338562012,0.9194380640983582,0.747719407081604
228,110,7,0.0005991614589455629,0.9645012617111206,0.2421804517507553,0.9897480010986328,0.27718353271484375
229,133,7,0.00025641313072277683,0.7272638082504272,0.925031304359436,0.7382546663284302,0.9640578031539917
230,139,7,9.990361124295744e-05,0.2198188304901123,0.11815603822469711,0.22715522348880768,0.13656356930732727
231,144,7,0.00010170334592096708,0.3608345091342926,0.5793853402137756,0.36777520179748535,0.5989868640899658
232,154,7,9.265184740170351e-05,0.9802658557891846,0.03259079530835152,0.9856916666030884,0.0649014562368393
233,167,7,0.0008101527429578148,0.9019172191619873,0.1961321234703064,0.9343113303184509,0.23932431638240814
234,189,7,0.0027656608111561454,0.8095275163650513,0.39315855503082275,0.8572407960891724,0.48946553468704224
235,192,7,0.00013695846244266008,0.33803385496139526,0.4644545912742615,0.34614136815071106,0.49216973781585693
236,193,7,0.00017278415984733897,0.9807913303375244,0.6575038433074951,0.9897480010986328,0.6882263422012329
237,265,7,0.00021524738964817658,0.378162145614624,0.966251015663147,0.3907611668109894,0.9965085387229919
238,344,7,0.00011181904060597603,0.6358591318130493,0.08259489387273788,0.6476629376411438,0.09600014239549637
239,406,7,0.00014118827017117752,0.5549523830413818,0.12368541955947876,0.5638318061828613,0.1446763128042221
240,419,7,0.0004956748034654623,0.9195101857185364,0.5191468596458435,0.9424239993095398,0.5611276626586914
241,441,7,0.00015488078216428086,0.9739271402359009,0.0016722837463021278,0.9829874038696289,0.036507103592157364
242,511,7,0.00027437713852762613,0.5455192923545837,0.5072149634361267,0.5516627430915833,0.5624796748161316
243,512,7,0.00014319312273891605,0.3242907226085663,0.14131970703601837,0.3312680721282959,0.16766227781772614
244,562,7,0.00013952564968877645,0.18803012371063232,0.27946868538856506,0.19876083731651306,0.3042258024215698
245,713,7,0.000333248921417173,0.3252243399620056,0.4428422152996063,0.3353244662284851,0.5138036012649536
246,731,7,0.0002680246371600248,0.9822142124176025,0.7824179530143738,0.9951564073562622,0.8126209378242493
247,763,7,0.00029825241283143455,0.42513415217399597,0.20781521499156952,0.4326767325401306,0.2636623680591583
248,23,6,0.00045411228093872325,0.9056732654571533,0.13364088535308838,0.9221422076225281,0.17983126640319824
249,61,6,0.0009036857917887886,0.9205304980278015,0.6910730004310608,0.9532409310340881,0.7314940690994263
250,78,6,2.303886489807283e-05,0.40165579319000244,0.3006327152252197,0.4042823016643524,0.31774696707725525
251,81,6,2.5014049920502046e-05,0.3520858585834503,0.19276633858680725,0.3556061387062073,0.20146508514881134
252,92,6,6.703369276550575e-05,0.5514481067657471,0.8732600212097168,0.5557191967964172,0.9167338013648987
253,132,6,9.246763821790793e-05,0.30180642008781433,0.39158910512924194,0.31233853101730347,0.40833866596221924
254,142,6,0.00014363949198870074,0.2821029722690582,0.9416936039924622,0.28935256600379944,0.9775789976119995
255,152,6,0.00012134609191916113,0.04392359033226967,0.39364275336265564,0.056788839399814606,0.40833860635757446
256,161,6,0.00015420072665150997,0.9593833684921265,0.5336562395095825,0.9681141376495361,0.5692402720451355
257,172,6,0.00027652672432409986,0.2880554497241974,0.9630675911903381,0.3015216588973999,0.9951564073562622
258,264,6,0.00015891729472716776,0.5374221801757812,0.39745014905929565,0.5476064682006836,0.4191555380821228
259,269,6,0.00012133141774300915,0.08339651674032211,0.22112923860549927,0.09329590946435928,0.23932431638240814
260,275,6,0.00017998077460457118,0.9730477333068848,0.07148165255784988,0.981635332107544,0.10681706666946411
261,278,6,0.00014330954306540633,0.9621443748474121,0.31984829902648926,0.9694662094116211,0.3569583296775818
262,306,6,0.00013208785642315757,0.460771769285202,0.0644616112112999,0.4718880355358124,0.08653538674116135
263,424,6,0.00014184639118663966,0.3655451536178589,0.5628341436386108,0.37723997235298157,0.5814093351364136
264,478,6,1.6008273427736697e-05,0.4923214614391327,0.37880197167396545,0.4975782334804535,0.38670486211776733
265,526,6,0.00018045810897415748,0.35602888464927673,0.31640180945396423,0.36777520179748535,0.3407329022884369
266,559,6,6.285959180463152e-05,0.5303694605827332,0.33004823327064514,0.5394937992095947,0.3407329022884369
267,565,6,0.00014771729989471183,0.48768720030784607,0.4081088900566101,0.49893033504486084,0.42997246980667114
268,640,6,6.728633407693252e-05,0.11933214217424393,0.4915042221546173,0.12439454346895218,0.5192120671272278
269,692,6,0.00023893532043350874,0.12420254200696945,0.18843509256839752,0.13521148264408112,0.2217468023300171
270,94,5,1.0215084766063143e-05,0.23095877468585968,0.5387327075004578,0.23256374895572662,0.551662802696228
271,109,5,0.0005456241875698709,0.4767455458641052,0.9616665840148926,0.5029866695404053,0.9951563477516174
272,134,5,0.00012862983874437073,0.001062797149643302,0.9303701519966125,0.00540846586227417,0.9681141972541809
273,204,5,0.0006360616685386067,0.002011696109548211,0.5829948782920837,0.017577487975358963,0.6598320007324219
274,218,5,3.351255741712578e-05,0.49557438492774963,0.44329869747161865,0.49893033504486084,0.4637753367424011
275,223,5,1.4375544567402088e-05,0.07687147706747055,0.4046532213687897,0.0784226506948471,0.4191555678844452
276,250,5,7.649483091975995e-05,0.37367457151412964,0.22659768164157867,0.37994423508644104,0.2501412630081177
277,252,5,6.183406976667527e-05,0.09332019090652466,0.2709871828556061,0.09735226631164551,0.2974652349948883
278,270,5,3.6789019145999635e-05,0.4443548023700714,0.03707063943147659,0.4502542018890381,0.05138040706515312
279,280,5,8.620005907999939e-05,0.5686779022216797,0.26051461696624756,0.5760009288787842,0.27718353271484375
280,325,5,0.00046574152448217165,0.012368766590952873,0.26931989192962646,0.02163386344909668,0.34614133834838867
281,381,5,6.044061376719867e-05,0.4779564142227173,0.8838167786598206,0.48000073432922363,0.9248464703559875
282,404,5,1.784871356580453e-05,0.49645376205444336,0.32083866000175476,0.49893033504486084,0.333972305059433
283,489,5,0.00017345864350060136,0.4831615090370178,0.05793887376785278,0.4948740303516388,0.07977472990751266
284,503,5,0.00022851701122528212,0.3392518162727356,0.45232248306274414,0.35831040143966675,0.47729653120040894
285,527,5,0.0001468710322543032,0.294743150472641,0.6219296455383301,0.30828210711479187,0.6381981372833252
286,540,5,7.075766302511166e-05,0.10203417390584946,0.39614662528038025,0.10816916823387146,0.4110429286956787
287,563,5,0.0001232218512345895,0.1702427864074707,0.544845700263977,0.1784791648387909,0.57059246301651
288,585,5,0.00025451534023268607,0.9267591834068298,0.734164297580719,0.9410718679428101,0.7747617959976196
289,591,5,0.0007161682912351086,0.05178535357117653,0.9562886953353882,0.08383110165596008,0.9911001324653625
290,604,5,4.249542226997249e-06,0.3979068696498871,0.26875242590904236,0.39887383580207825,0.275831401348114
291,605,5,6.4554046799170095e-06,0.4150959849357605,0.23947754502296448,0.4164513051509857,0.24878916144371033
292,606,5,1.307626774371684e-05,0.4485416114330292,0.2966013550758362,0.4502542316913605,0.309634268283844
293,637,5,1.7316332900918496e-05,0.2755194306373596,0.5538780093193054,0.27718350291252136,0.57059246301651
294,658,5,0.0002695376654351378,0.9428101181983948,0.5224034190177917,0.9532408714294434,0.5624796748161316
295,666,5,0.00018314708293853954,0.4346078038215637,0.22061918675899506,0.44349363446235657,0.24608483910560608
296,671,5,0.00010547187381826969,0.09989704936742783,0.0020937041845172644,0.11087343096733093,0.01757752150297165
297,695,5,1.1068441075456903e-05,0.13492728769779205,0.19733703136444092,0.13656359910964966,0.2095777690410614
298,739,5,6.312865980806492e-05,0.4756834805011749,0.05999995768070221,0.48135286569595337,0.07436636090278625
299,749,5,0.0001619308264970698,0.9538072347640991,0.3205477297306061,0.9600014686584473,0.3596625328063965
300,761,5,0.0001595671552543365,0.9796963930130005,0.9277567267417908,0.9897480010986328,0.9572972655296326
301,764,5,0.00016118776686013803,0.9482626914978027,0.8134142756462097,0.9545930027961731,0.8531844019889832
302,11,4,0.0005246203772744096,0.5910306572914124,0.06984688341617584,0.6138601303100586,0.09735225141048431
303,17,4,9.318619679543616e-05,0.3881055414676666,0.3093133866786957,0.3975217342376709,0.32721173763275146
304,48,4,3.8763902190819266e-05,0.4654577970504761,0.22137199342250824,0.47053587436676025,0.24202850461006165
305,50,4,0.00044993234729284737,0.48656415939331055,0.4563673734664917,0.49622616171836853,0.5219162702560425
306,53,4,0.00021784515073242083,0.3554360568523407,0.18997374176979065,0.3664230704307556,0.2163383960723877
307,85,4,1.8777637607422792e-05,0.010380789637565613,0.1858733594417572,0.013521180488169193,0.19605666399002075
308,90,4,0.0002367405519745347,0.9787800312042236,0.8788344264030457,0.9924522042274475,0.9086211323738098
309,99,4,2.0020295239842056e-05,0.14677990972995758,0.36745139956474304,0.1500847488641739,0.37453579902648926
310,105,4,4.312210215795531e-05,0.1911390721797943,0.5027735829353333,0.19470451772212982,0.524620532989502
311,107,4,0.00030953603946493047,0.9686371684074402,0.5318378806114197,0.9843395352363586,0.5665360689163208
312,114,4,0.00017259670687730377,0.27555912733078003,0.4983070194721222,0.28664830327033997,0.5259726643562317
313,145,4,0.0002073037420053936,0.08617215603590012,0.9573927521705627,0.09600015729665756,0.9897480010986328
314,146,4,8.55786236635403e-05,0.4894963204860687,0.2162846028804779,0.49622610211372375,0.2379721999168396
315,150,4,0.00011422360998211006,0.01090334728360176,0.20066630840301514,0.020281720906496048,0.2190426141023636
316,195,4,8.332157773338622e-05,0.2514892518520355,0.0982290655374527,0.2596060335636139,0.11357764899730682
317,198,4,0.00024668001246469506,0.2931445837020874,0.0513959564268589,0.30557793378829956,0.07977472990751266
318,225,4,1.7217703667693485e-05,0.20920385420322418,0.538399875164032,0.21092990040779114,0.5584233999252319
319,228,4,4.361168332511767e-05,0.3807740807533264,0.24437925219535828,0.38400062918663025,0.26771870255470276
320,271,4,1.3149325299555148e-05,0.021855507045984268,0.2085258662700653,0.024338046088814735,0.22039470076560974
321,305,4,3.415546407103953e-05,0.358552485704422,0.08579317480325699,0.3623667359352112,0.10005649924278259
322,336,4,0.00045801471470596766,0.8410748243331909,0.9611188173294067,0.8572407960891724,0.9924522638320923
323,350,4,1.6083033588243367e-05,0.2712925970554352,0.14553819596767426,0.2731271982192993,0.16090163588523865
324,382,4,0.00047293200791598267,0.20098945498466492,0.9560351967811584,0.2258031964302063,0.9897480010986328
325,387,4,3.709792082529084e-06,0.18833595514297485,0.132316455245018,0.18929606676101685,0.1379156857728958
326,408,4,1.2798275209613408e-05,0.020082887262105942,0.3450242578983307,0.021633829921483994,0.35966256260871887
327,415,4,0.00013158646511879368,0.45385029911994934,0.22532103955745697,0.4624232053756714,0.2474370002746582
328,451,4,0.00021325560474316774,0.9793136715888977,0.43107613921165466,0.9883959293365479,0.4637753665447235
329,456,4,7.184561940216678e-05,0.3833407461643219,0.0008170706569217145,0.38940906524658203,0.01892961375415325
330,463,4,0.00022040007185708532,0.9763218760490417,0.7168868184089661,0.9856916069984436,0.7504236698150635
331,468,4,0.00023613329345151257,0.16351409256458282,0.028859639540314674,0.17442280054092407,0.06219727173447609
332,476,4,2.8869564742128873e-05,0.1273326724767685,0.33080530166625977,0.1311551034450531,0.3407328724861145
333,481,4,4.405119827577408e-06,0.13176535069942474,0.2504637837409973,0.13385938107967377,0.25554969906806946
334,487,4,0.0002112770881996795,0.9536595940589905,0.8917861580848694,0.9627057313919067,0.9302549958229065
335,491,4,0.00011147065360950226,0.09129271656274796,0.393528550863266,0.10005649924278259,0.4164513349533081
336,492,4,0.00010107794931668579,0.23547744750976562,0.5289671421051025,0.24067644774913788,0.5570712685585022
337,500,4,0.0001247062023694845,0.41235387325286865,0.17832279205322266,0.41780346632003784,0.20552143454551697
338,509,4,0.00012394866082932054,0.6302281022071838,0.2325505167245865,0.6422544717788696,0.24473276734352112
339,518,4,0.00011863318955263047,0.20573729276657104,0.11805474758148193,0.2163383960723877,0.13926781713962555
340,524,4,8.323514503016938e-05,0.4797934293746948,0.4643300175666809,0.4854091703891754,0.48676130175590515
341,528,4,8.08537807119869e-05,0.21783223748207092,0.5704385638237,0.22309891879558563,0.5895220041275024
342,532,4,0.00012568505137888764,0.4459582567214966,0.2200223058462143,0.4516063332557678,0.24743697047233582
343,536,4,2.2727383919729505e-05,0.6002846360206604,0.25515931844711304,0.6030431985855103,0.2717750370502472
344,538,4,4.498510982209325e-05,0.3298349976539612,0.1616845726966858,0.33532440662384033,0.17307069897651672
345,568,4,0.00018389244434713348,0.5810338258743286,0.1573622226715088,0.5922262668609619,0.17712703347206116
346,571,4,6.590943537521099e-05,0.1925601214170456,0.5270212888717651,0.1974087506532669,0.5476064682006836
347,580,4,0.000455127051183557,0.1104087084531784,0.3305381238460541,0.118986114859581,0.4029301702976227
348,588,4,0.0003228290742574025,0.9261714816093445,0.23891903460025787,0.9424239993095398,0.27988776564598083
349,595,4,9.738478358389813e-05,0.6257748603820801,0.3142051100730896,0.6368460655212402,0.32991600036621094
350,599,4,6.864102775283598e-05,0.058333396911621094,0.5036253929138184,0.06760577112436295,0.5165078043937683
351,607,4,1.635130387065732e-05,0.4102960526943207,0.0011712040286511183,0.41239500045776367,0.01622539758682251
352,609,4,1.2833515434795828e-05,0.38926365971565247,0.1827266812324524,0.390761137008667,0.19740881025791168
353,619,4,2.7496701456186656e-05,0.13758806884288788,0.36979585886001587,0.1406199038028717,0.3880569636821747
354,621,4,1.6847737381198158e-05,0.3993511199951172,0.493645042181015,0.4015780985355377,0.5070430040359497
355,622,4,4.7653772623570956e-05,0.13529247045516968,0.00393536314368248,0.13926780223846436,0.025690170004963875
356,630,4,1.3720383077939213e-05,0.15244482457637787,0.01787194423377514,0.15414102375507355,0.02839445322751999
357,633,4,1.4112949766081906e-05,0.022532759234309196,0.29002615809440613,0.02433807961642742,0.3015215992927551
358,634,4,9.519768410681806e-06,0.4162600040435791,0.1654355823993683,0.41780346632003784,0.17442280054092407
359,636,4,1.9920241991489007e-05,0.3536831736564636,0.4971938729286194,0.35560616850852966,0.5110993981361389
360,644,4,4.013289124160657e-05,0.12508778274059296,0.4925590753555298,0.1284508854150772,0.5151556730270386
361,650,4,6.175462629887107e-05,0.4377688467502594,0.29085859656333923,0.44214150309562683,0.3163948655128479
362,652,4,3.493022860701078e-05,0.12409363687038422,0.4318028688430786,0.12709878385066986,0.4543105363845825
363,653,4,2.7857251287233264e-05,0.11796440184116364,0.2142987847328186,0.1216902956366539,0.22445105016231537
364,663,4,0.00010852412326600204,0.001067593926563859,0.37933415174484253,0.006760590244084597,0.40293020009994507
365,677,4,0.00021754172257182347,0.9790152907371521,0.46645453572273254,0.9883958697319031,0.49893033504486084
366,686,4,0.00022069039860610467,0.14211273193359375,0.0016206441214308143,0.151436910033226,0.035154975950717926
367,693,4,2.781557619463415e-05,0.18016383051872253,0.06806129962205887,0.1825355440378189,0.08383110165596008
368,694,4,3.97480059048938e-05,0.3699371814727783,0.3220539391040802,0.3731836676597595,0.3393808603286743
369,698,4,7.766408005538405e-05,0.1202317476272583,0.3288559317588806,0.1257466971874237,0.3529019355773926
370,704,4,1.685937719600461e-05,0.17390339076519012,0.038915276527404785,0.17577491700649261,0.05138034000992775
371,708,4,8.62238939958182e-06,0.1472187042236328,0.3238105773925781,0.14873261749744415,0.33262017369270325
372,712,4,0.00011236660880253879,0.572311282157898,0.20992693305015564,0.5841135382652283,0.22309891879558563
373,714,4,0.00022423348773847884,0.2990781366825104,0.14338277280330658,0.31233853101730347,0.1717185527086258
374,722,4,8.241391553065469e-05,0.47152620553970337,0.277292400598526,0.4759443998336792,0.30287376046180725
375,741,4,4.07821889387705e-05,0.28187617659568787,0.4809738099575043,0.2866482436656952,0.5016345381736755
376,742,4,0.0001576736279922386,0.3153989017009735,0.14190690219402313,0.3218033015727997,0.17036645114421844
377,745,4,8.996729984644958e-05,0.5672177672386169,0.5029561519622803,0.5787051916122437,0.5165078639984131
378,746,4,0.00011487056011993957,0.2833539545536041,0.4027293026447296,0.28935256600379944,0.4259161353111267
379,752,4,0.00010041540427718765,0.3346356749534607,0.13988728821277618,0.3447892367839813,0.15684527158737183
380,75,3,0.0001447044309315082,0.5224142670631409,0.15986299514770508,0.5327332019805908,0.18253548443317413
381,82,3,2.8008940603285737e-05,0.4661697447299957,0.5477616190910339,0.4691838324069977,0.566536009311676
382,96,3,2.1959264633553133e-05,0.32604748010635376,0.17241880297660828,0.3285638988018036,0.18659187853336334
383,113,3,0.00014636534071821132,0.3502041697502136,0.0012991618132218719,0.3623667061328888,0.024338046088814735
384,136,3,3.952896018422081e-05,0.5531825423240662,0.26507192850112915,0.5584232807159424,0.2785356044769287
385,186,3,1.76614077043169e-05,0.3269115388393402,0.3833097219467163,0.3299160301685333,0.39211326837539673
386,190,3,0.0004388706157580913,0.43622979521751404,0.962224543094635,0.4610711336135864,0.9938043355941772
387,197,3,0.0005976555827896801,0.10628620535135269,0.41499510407447815,0.12304245680570602,0.4624232351779938
388,231,3,0.0001193039310605215,0.43078669905662537,0.48558467626571655,0.43943727016448975,0.5110993385314941
389,236,3,4.27927775232817e-05,0.44573113322257996,0.4772169589996338,0.45295846462249756,0.4854092299938202
390,298,3,0.0001591668155267456,0.920292317867279,0.8364781737327576,0.927550733089447,0.878874659538269
391,303,3,4.7640792059100434e-05,0.3810270428657532,0.1881224811077118,0.38670480251312256,0.1974087506532669
392,323,3,0.00030237688098289084,0.7074500918388367,0.17662222683429718,0.7139165997505188,0.2312115728855133
393,326,3,0.0001385854766677852,0.1603270024061203,0.5830174684524536,0.1717185527086258,0.6016910672187805
394,327,3,6.299792818076355e-05,0.3470474183559418,0.6339755654335022,0.35560616850852966,0.6463108658790588
395,337,3,0.00033806724887153194,0.5858709812164307,0.20459026098251343,0.6043952703475952,0.22985954582691193
396,340,3,6.0998922187907026e-05,0.010862980037927628,0.003096128348261118,0.016225364059209824,0.01892961375415325
397,341,3,7.799399767116633e-05,0.28898271918296814,0.14445751905441284,0.29476097226142883,0.15954959392547607
398,347,3,2.2568224054331232e-05,0.11937038600444794,0.3755277991294861,0.12169036269187927,0.39346539974212646
399,351,3,1.1711694470707148e-05,0.019977226853370667,0.001457885024137795,0.021633846685290337,0.012169023044407368
400,354,3,7.6062323528525155e-06,0.43924811482429504,0.03704794496297836,0.4407894015312195,0.04461975023150444
401,356,3,1.0913396259581987e-05,0.13492779433727264,0.4529157280921936,0.13656358420848846,0.46107107400894165
402,357,3,6.902768885763688e-06,0.3058675527572632,0.04683995619416237,0.3069300353527069,0.056788839399814606
403,358,3,9.590705389195264e-06,0.12676772475242615,0.34287014603614807,0.1284508854150772,0.35154983401298523
404,360,3,4.014678601560462e-05,0.43011683225631714,0.5093535780906677,0.4340288043022156,0.5300289392471313
405,361,3,2.489893690449385e-05,0.13383258879184723,0.3797794580459595,0.13656359910964966,0.3975217044353485
406,367,3,3.784548164076362e-05,0.13032782077789307,0.4960387051105499,0.13385936617851257,0.5165078043937683
407,374,3,2.9424113635251282e-05,0.028930632397532463,0.0015724780969321728,0.03245079517364502,0.012169089168310165
408,385,3,4.597511254918023e-06,0.013765253126621246,0.021907377988100052,0.014873272739350796,0.027042295783758163
409,388,3,3.0470570037355316e-05,0.2714659869670868,0.3787064850330353,0.27447929978370667,0.39616963267326355
410,400,3,9.64886545521456e-06,0.001182716223411262,0.17471900582313538,0.0027042164001613855,0.18659181892871857
411,405,3,1.7238355433719064e-05,0.00977447908371687,0.019962802529335022,0.012169023044407368,0.03245072811841965
412,409,3,7.807019075656285e-06,0.09878075867891312,0.4043160676956177,0.1000564694404602,0.41509926319122314
413,411,3,6.8688805914263185e-06,0.17442834377288818,0.06466082483530045,0.17577490210533142,0.07301420718431473
414,418,3,5.205451105888201e-06,0.058360856026411057,0.005066836718469858,0.0594930574297905,0.013521114364266396
415,438,3,5.8643825509907543e-05,0.18625642359256744,0.5110044479370117,0.190648153424263,0.53678959608078
416,464,3,0.00016764449033312978,0.2785470187664032,0.09014830738306046,0.28664830327033997,0.11628186702728271
417,493,3,9.05805659527914e-05,0.44097763299942017,0.6068063378334045,0.4529584050178528,0.619268536567688
418,498,3,0.00013379845783756394,0.9544606804847717,0.2578572928905487,0.961353600025177,0.28664830327033997
419,505,3,4.2153035416721274e-05,0.0488259494304657,0.0018463897285982966,0.056788839399814606,0.012169023044407368
420,515,3,9.895881636645676e-05,0.1771780103445053,0.04333329200744629,0.18253549933433533,0.06490152329206467
421,517,3,3.2485780172120116e-05,0.1802188903093338,0.2876943349838257,0.18523971736431122,0.3015215992927551
422,519,3,8.686419705106196e-05,0.23192493617534637,0.48089510202407837,0.23662012815475464,0.5016345381736755
423,520,3,0.00012841233053695333,0.23808372020721436,0.5040041208267212,0.24608489871025085,0.5259726643562317
424,522,3,0.00011780483009389553,0.11535334587097168,0.0013298611156642437,0.12169036269187927,0.022985953837633133
425,523,3,0.0001171319406525484,0.39389804005622864,0.06903652846813202,0.40022599697113037,0.09600009024143219
426,531,3,0.0001188011184083404,0.2875462770462036,0.09868723899126053,0.29881739616394043,0.11357764899730682
427,549,3,0.0002443542979104346,0.0020860955119132996,0.4385058879852295,0.013521114364266396,0.46377530694007874
428,554,3,3.375364830526806e-06,0.08043919503688812,0.40975821018218994,0.08112692087888718,0.41780346632003784
429,561,3,7.067388900683369e-05,0.21046938002109528,0.5988221764564514,0.21769045293331146,0.6125079393386841
430,564,3,2.6447687349995253e-05,0.17629171907901764,0.09117051213979721,0.17983126640319824,0.10140859335660934
431,574,3,0.00024048938911835904,0.30625006556510925,0.4927060604095459,0.3190990388393402,0.5151557326316833
432,583,3,8.367855770086141e-05,0.40998032689094543,0.0798257365822792,0.4164513349533081,0.09464806318283081
433,590,3,0.00046975851959984993,0.9038801789283752,0.6074826121330261,0.9194380640983582,0.6517193913459778
434,598,3,5.716314654424792e-05,0.23159511387348175,0.1164378896355629,0.23797215521335602,0.1284509003162384
435,608,3,8.156748190444544e-06,0.02572566643357277,0.0014455788768827915,0.027042295783758163,0.012169023044407368
436,612,3,9.567051279413263e-06,0.12016119062900543,0.35488229990005493,0.12169033288955688,0.3637188673019409
437,616,3,1.831378017813634e-05,0.17327666282653809,0.5957938432693481,0.17577488720417023,0.6084516048431396
438,639,3,2.792191862965865e-05,0.5959573984146118,0.4630846083164215,0.598986804485321,0.480000764131546
439,647,3,2.1638719269745366e-05,0.22562964260578156,0.5663179159164429,0.2285073697566986,0.5800572037696838
440,724,3,9.306008865195281e-05,0.5367111563682556,0.531906008720398,0.5421980619430542,0.5516628623008728
441,726,3,0.00010087873975683781,0.4014703631401062,0.0794360414147377,0.4069865345954895,0.10276074707508087
442,727,3,0.00010211413959230076,0.21271677315235138,0.0015200775815173984,0.2244509756565094,0.013521180488169193
443,728,3,0.0001193765048439488,0.13847459852695465,0.9585195779800415,0.14332415163516998,0.9883959293365479
444,730,3,6.60076469234383e-05,0.5622841119766235,0.5170303583145142,0.5665360689163208,0.53678959608078
445,743,3,0.0001348184338461067,0.3557983934879303,0.46582481265068054,0.3637188673019409,0.4881134033203125
446,744,3,0.00010485191616416145,0.5017530918121338,0.22950953245162964,0.5083951950073242,0.251493364572525
447,748,3,9.956844693292943e-05,0.13198138773441315,0.48073527216911316,0.1406199187040329,0.5016345381736755
448,760,3,5.2703084207461615e-05,0.42144981026649475,0.1867109090089798,0.4259161353111267,0.20146502554416656
449,24,2,3.781098846844522e-05,0.16528846323490143,0.14195148646831512,0.17171858251094818,0.1500847488641739
450,60,2,0.00022092827008747193,0.5325234532356262,0.0009559596073813736,0.5489586591720581,0.022985955700278282
451,66,2,0.00012181722119564142,0.6259699463844299,0.41810017824172974,0.6381980776786804,0.4313246011734009
452,71,2,0.00010153547125479889,0.5882189869880676,0.2549811601638794,0.5976347327232361,0.27447935938835144
453,83,2,8.297334289864011e-06,0.09603608399629593,0.5039726495742798,0.09735225141048431,0.5151557326316833
454,84,2,9.549885803240843e-06,0.009495075792074203,0.05395689606666565,0.010816898196935654,0.06354936212301254
455,91,2,5.041411826445241e-06,0.009896548464894295,0.3377646803855896,0.01081693172454834,0.3447892963886261
456,108,2,0.0001254070392482376,0.3556699752807617,0.6164582371711731,0.37047937512397766,0.6327897310256958
457,111,2,0.0001281077261703345,0.9549263715744019,0.4531719982624054,0.961353600025177,0.4921698272228241
458,124,2,1.0049323156707812e-05,0.022857310250401497,0.32561343908309937,0.02569017931818962,0.33532440662384033
459,138,2,6.305770498560292e-05,0.5312196612358093,0.18018652498722076,0.538141667842865,0.19335240125656128
460,149,2,2.403496925773574e-05,0.44539928436279297,0.0829308032989502,0.4489021301269531,0.09194381535053253
461,176,2,6.105712032322685e-05,0.3790953755378723,0.5554953217506409,0.3840005695819855,0.571944534778595
462,180,2,1.8455458117294654e-06,0.2909667491912842,0.16080045700073242,0.2920567989349365,0.1636059284210205
463,213,2,3.7355452064957717e-06,0.25924211740493774,0.4446233808994293,0.2596060335636139,0.46512749791145325
464,217,2,9.28578915393441e-06,0.31461814045906067,0.09330225735902786,0.31774696707725525,0.09735225141048431
465,226,2,1.056216297257162e-05,0.2146216481924057,0.1199241578578949,0.21769045293331146,0.12439454346895218
466,234,2,0.00012026368134954168,0.5574159622192383,0.9258158802986145,0.5638319253921509,0.9627057313919067
467,235,2,4.461576962544456e-06,0.021903077140450478,0.3046875,0.024338046088814735,0.30828213691711426
468,267,2,3.250665800091923e-05,0.2863936722278595,0.6000069975852966,0.2907046973705292,0.6125079989433289
469,289,2,1.0422601266490972e-06,0.1453738957643509,0.3155979514122009,0.14602836966514587,0.3190990388393402
470,290,2,2.3039070302802514e-06,0.24268926680088043,0.0008599106804467738,0.2433806210756302,0.005408432800322771
471,297,2,3.677964485926388e-05,0.15679627656936646,0.14643728733062744,0.16090165078639984,0.15684527158737183
472,312,2,4.091750259482829e-05,0.49116051197052,0.23946064710617065,0.49893033504486084,0.24743697047233582
473,314,2,1.2828400848263755e-05,0.46897032856941223,0.2331683188676834,0.47188800573349,0.23932431638240814
474,317,2,6.750086839080183e-05,0.34378981590270996,0.3394238352775574,0.3529019355773926,0.34884560108184814
475,322,2,8.763723827343028e-05,0.5387676358222961,0.2677763104438782,0.5489585399627686,0.2785356640815735
476,331,2,0.00011953444272716496,0.5534060597419739,0.04225319251418114,0.5611276626586914,0.06219727173447609
477,332,2,0.00019514665648217785,0.36327651143074036,0.00106952921487391,0.3785921335220337,0.01892961375415325
478,342,2,7.304627949111797e-05,0.36929112672805786,0.18935951590538025,0.37723997235298157,0.20416933298110962
479,359,2,6.158979795722885e-06,0.24740444123744965,0.09914363920688629,0.24878908693790436,0.10411284118890762
480,363,2,3.477672566898349e-05,0.2944193482398987,0.38955703377723694,0.29881739616394043,0.39887380599975586
481,366,2,1.3442059135782003e-05,0.3157244920730591,0.079234778881073,0.31774696707725525,0.08923956751823425
482,368,2,8.346985443719035e-06,0.4449670612812042,0.2919609546661377,0.44619786739349365,0.3028736710548401
483,369,2,1.461958517212647e-05,0.15896576642990112,0.04366450011730194,0.16090168058872223,0.05543668195605278
484,370,2,1.2437649894891933e-05,0.39017748832702637,0.06540627032518387,0.3921133279800415,0.07707048207521439
485,372,2,1.1323406906682543e-05,0.13402651250362396,0.17241345345973969,0.13656356930732727,0.17983129620552063
486,373,2,8.8444362075224e-06,0.3321905732154846,0.08521141111850739,0.333972305059433,0.09464800357818604
487,378,2,2.8147211302114762e-05,0.18107521533966064,0.001242593047209084,0.1852397322654724,0.00946477334946394
488,390,2,1.275948704937413e-05,0.13040465116500854,0.3815006911754608,0.13250723481178284,0.3907611668109894
489,396,2,2.83191437198127e-05,0.3191787898540497,0.17131634056568146,0.3231554329395294,0.17983129620552063
490,397,2,9.553766929570884e-06,0.15528079867362976,0.3535136580467224,0.1568453013896942,0.36101460456848145
491,398,2,1.1286824593639139e-05,0.004450734239071608,0.18497659265995026,0.006760590244084597,0.190648153424263
492,399,2,1.935014808207569e-05,0.4298213720321655,0.48305606842041016,0.4326767325401306,0.4908176362514496
493,401,2,9.738920363322467e-06,0.18472737073898315,0.04429277777671814,0.18659181892871857,0.050028249621391296
494,407,2,1.0239753758724268e-05,0.16090062260627747,0.0013060757191851735,0.16360586881637573,0.00540846586227417
495,414,2,6.585259121266035e-06,0.15679974853992462,0.0008503171848133206,0.15819741785526276,0.006760590244084597
496,416,2,1.606561740816713e-05,0.009414688684046268,0.036328498274087906,0.012169023044407368,0.045971907675266266
497,417,2,7.019826814405605e-06,0.01194470003247261,0.3607470393180847,0.013521131128072739,0.3677751421928406
498,420,2,2.9101045821100513e-05,0.49100905656814575,0.32045358419418335,0.4948740005493164,0.3285638988018036
499,421,2,6.535398281837246e-05,0.4775119125843048,0.5079132914543152,0.4840570092201233,0.5205641984939575
500,423,2,3.2715062860955157e-06,0.08008106052875519,0.23029214143753052,0.08112688362598419,0.2352679818868637
501,425,2,1.2665449477644586e-05,0.354987233877182,0.06786254793405533,0.3569583296775818,0.07707054167985916
502,426,2,2.1656992197804925e-05,0.4687339663505554,0.3034629225730896,0.47188806533813477,0.3109864294528961
503,428,2,1.4830572015567256e-05,0.19501599669456482,0.2810799181461334,0.1974087506532669,0.2880004048347473
504,446,2,2.134713644941222e-05,0.1306832730770111,0.2808632254600525,0.13385938107967377,0.28935256600379944
505,447,2,9.303138005956058e-06,0.13741131126880646,0.21647371351718903,0.13926775753498077,0.22174683213233948
506,448,2,5.870882187730686e-06,0.2876838445663452,0.09999004006385803,0.28935253620147705,0.10411284118890762
507,452,2,1.2914334356906032e-05,0.022030703723430634,0.31121549010276794,0.022985953837633133,0.3258596658706665
508,455,2,4.984778895766873e-06,0.32026752829551697,0.08281484991312027,0.3218033015727997,0.08653534948825836
509,473,2,5.837777870998373e-06,0.14043202996253967,0.19859695434570312,0.14197203516960144,0.20416933298110962
510,474,2,4.620629408036425e-06,0.11228589713573456,0.1946980208158493,0.11357764899730682,0.20011299848556519
511,479,2,2.6403657424501487e-06,0.2355300337076187,0.0008425100240856409,0.23662006855010986,0.005408432800322771
512,480,2,4.24959924581747e-06,0.2516297996044159,0.002117456402629614,0.2528454661369324,0.006760524120181799
513,495,2,4.324379450182381e-05,0.029374249279499054,0.497552752494812,0.0351550430059433,0.5083951354026794
514,496,2,6.151780590524236e-05,0.08459623903036118,0.40727272629737854,0.08923960477113724,0.4218598008155823
515,501,2,6.554639878464386e-05,0.3760843276977539,0.32380422949790955,0.37994423508644104,0.342085063457489
516,506,2,3.041322682863787e-05,0.037051402032375336,0.0015765801072120667,0.040563441812992096,0.012169023044407368
517,510,2,3.863318260072246e-05,0.01295397151261568,0.3467909097671509,0.01757752150297165,0.35831037163734436
518,513,2,5.870546467257043e-05,0.3851557672023773,0.27641427516937256,0.3907611668109894,0.2880004048347473
519,516,2,5.11137007679352e-05,0.3654187321662903,0.6001332402229309,0.3704794645309448,0.6138601303100586
520,525,2,8.228600202686565e-05,0.20948559045791626,0.5116502046585083,0.21498622000217438,0.5327332019805908
521,534,2,6.969095514630652e-05,0.15252064168453217,0.28891992568969727,0.15819743275642395,0.30287376046180725
522,539,2,5.100527910428809e-05,0.284310907125473,0.3916730582714081,0.29205676913261414,0.4015780985355377
523,541,2,4.950371991341296e-05,0.45095446705818176,0.06955689936876297,0.45836690068244934,0.07842263579368591
524,547,2,0.00018864708024324273,0.9726859331130981,0.9044274091720581,0.9802831411361694,0.9397197365760803
525,548,2,8.83560401375022e-05,0.010147303342819214,0.37977346777915955,0.016225364059209824,0.3975217342376709
526,550,2,8.042214411807524e-05,0.09612110257148743,0.43416616320610046,0.10276074707508087,0.44890207052230835
527,552,2,2.2897687899647856e-06,0.12282425165176392,0.1910792887210846,0.12439454346895218,0.19335238635540009
528,570,2,9.764753490570932e-06,0.12026523053646088,0.2540314793586731,0.12304238975048065,0.25825393199920654
529,577,2,0.0002746456318174495,0.9728288650512695,0.3171701729297638,0.981635332107544,0.3529019355773926
530,582,2,4.325620819334297e-05,0.2436854988336563,0.11379958689212799,0.24878908693790436,0.1257466971874237
531,584,2,5.709258956065888e-05,0.22773662209510803,0.4411357343196869,0.2352679818868637,0.4502542018890381
532,586,2,0.00027244890709710035,0.9681746363639832,0.8099318146705627,0.9762267470359802,0.846423864364624
533,597,2,2.3191735120109414e-05,0.18012063205242157,0.276920884847641,0.18388760089874268,0.28664830327033997
534,600,2,2.92367557133133e-05,0.3899628818035126,0.5648472905158997,0.3934653699398041,0.5787051320075989
535,610,2,3.7491075536300045e-06,0.1614140421152115,0.03620536997914314,0.162253737449646,0.041915569454431534
536,613,2,5.72628765399541e-06,0.24049343168735504,0.12078514695167542,0.24202848970890045,0.12574666738510132
537,617,2,1.0864183388359372e-05,0.1389956921339035,0.1689881682395935,0.14197206497192383,0.17307066917419434
538,641,2,9.722264681932824e-06,0.15963734686374664,0.016539964824914932,0.16090165078639984,0.027042295783758163
539,642,2,1.1479585612761412e-05,0.4594247341156006,0.465427041053772,0.4624232053756714,0.4718880355358124
540,643,2,8.253462710536286e-06,0.0009805740555748343,0.3556213974952698,0.002704232931137085,0.36507102847099304
541,645,2,1.9155647515256558e-05,0.13684508204460144,0.028392435982823372,0.14061997830867767,0.03245076164603233
542,669,2,2.516246950357015e-06,0.2760266363620758,0.09178178757429123,0.27718350291252136,0.09600015729665756
543,675,2,4.456875921418635e-06,0.010867743752896786,0.22450675070285797,0.01216905564069748,0.22985947132110596
544,676,2,4.1148845744132245e-06,0.13267561793327332,0.2387377917766571,0.13385936617851257,0.24338066577911377
545,682,2,3.553889597274207e-06,0.10344688594341278,0.4492088258266449,0.10411284118890762,0.457014799118042
546,703,2,3.306831980822095e-05,0.043153081089258194,0.0016161451349034905,0.04732401669025421,0.012169089168310165
547,706,2,8.07080888622913e-05,0.25259315967559814,0.14352430403232574,0.26095810532569885,0.15549318492412567
548,707,2,6.476758212947686e-05,0.6000909805297852,0.46116819977760315,0.6070994734764099,0.47459226846694946
549,716,2,1.4655173174218591e-05,0.41412776708602905,0.0014502102276310325,0.4164513051509857,0.01081693172454834
550,717,2,1.5096163511252314e-05,0.13445590436458588,0.466426819562912,0.13656356930732727,0.47729653120040894
551,718,2,3.208453127689914e-05,0.43567004799842834,0.2478722184896469,0.4407894015312195,0.2569018304347992
552,719,2,3.4101848830736525e-05,0.37887877225875854,0.04697532579302788,0.3853527009487152,0.05543668195605278
553,720,2,2.2900051140362088e-05,0.014043002389371395,0.5021928548812866,0.01892954669892788,0.5083951354026794
554,721,2,3.181548724968605e-05,0.3437368869781494,0.0009662334341555834,0.3474934995174408,0.01081693172454834
555,733,2,5.0032962462864816e-05,0.5809176564216614,0.2575988471508026,0.585465669631958,0.27042287588119507
556,738,2,4.8008705596847e-05,0.28575393557548523,0.06281403452157974,0.2920568287372589,0.07436629384756088
557,740,2,2.9517502950326957e-05,0.4772925078868866,0.17289461195468903,0.4827049672603607,0.17983126640319824
558,751,2,7.011301677684045e-05,0.2525339424610138,0.4131265878677368,0.2596060335636139,0.42456403374671936
559,754,2,1.1229511665877823e-05,0.3306443691253662,0.18074201047420502,0.3326202929019928,0.190648153424263
560,755,2,3.7924289551405366e-05,0.449715256690979,0.587628185749054,0.45295846462249756,0.6043952703475952
561,3,1,3.0009215672421874e-06,0.35117271542549133,0.07089546322822571,0.3529019355773926,0.07436630129814148
562,12,1,5.8090909881847175e-06,0.20072795450687408,0.11748151481151581,0.20281720161437988,0.12304245680570602
563,15,1,1.5184823059399832e-05,0.30289170145988464,0.10227207094430923,0.30557796359062195,0.11357761174440384
564,16,1,1.1886925149029448e-05,0.02668316662311554,0.2150106430053711,0.031098730862140656,0.22039474546909332
565,25,1,7.050899182743653e-06,0.1867976188659668,0.0038205496966838837,0.18929605185985565,0.009464806877076626
566,27,1,1.2219235253074778e-05,0.24275662004947662,0.14215904474258423,0.2474370002746582,0.1473805159330368
567,29,1,3.669847799514514e-05,0.27640122175216675,0.14498955011367798,0.2825919985771179,0.15684540569782257
568,42,1,2.4051252030421466e-05,0.3820131719112396,0.32092055678367615,0.3853527307510376,0.33532440662384033
569,54,1,0.00012164635702339652,0.12540726363658905,0.0008750618435442448,0.13521146774291992,0.02569020353257656
570,55,1,7.654750594787707e-05,0.35726621747016907,0.06010539457201958,0.3637188971042633,0.08383119851350784
571,56,1,8.406140316008504e-05,0.1014062762260437,0.28612685203552246,0.10816918313503265,0.31098639965057373
572,59,1,1.601013589791478e-05,0.13063861429691315,0.2645374834537506,0.13385938107967377,0.27447929978370667
573,62,1,0.00016908367621226716,0.05796811729669571,0.4012375473976135,0.07436629384756088,0.4218598008155823
574,63,1,6.036450291402318e-05,0.1213538646697998,0.45792561769485474,0.12574663758277893,0.4854091703891754
575,68,1,1.2212272782363698e-05,0.35415950417518616,0.3428230285644531,0.3569582998752594,0.35154983401298523
576,69,1,1.668638658913757e-05,0.1400865763425827,0.17628386616706848,0.14332415163516998,0.18659181892871857
577,72,1,4.408919831530231e-05,0.22750304639339447,0.0011229717638343573,0.23391588032245636,0.014873272739350796
578,74,1,5.1909687384998904e-05,0.12166766822338104,0.25646987557411194,0.12845095992088318,0.2717750370502472
579,76,1,1.7530270913328205e-05,0.0013701538555324078,0.4628925621509552,0.004056407138705254,0.4759443998336792
580,79,1,1.9248896951928884e-06,0.17104603350162506,0.06323370337486267,0.17171858251094818,0.0689578652381897
581,80,1,8.952368607539896e-07,0.2833305895328522,0.07279986888170242,0.2839440703392029,0.07571841776371002
582,86,1,3.639959296641848e-06,0.22978487610816956,0.12875692546367645,0.23121163249015808,0.13385935127735138
583,87,1,3.317966846147491e-06,0.02304593101143837,0.20038585364818573,0.02433807961642742,0.20552143454551697
584,93,1,1.6031224151502599e-06,0.1376601755619049,0.17809979617595673,0.1379156857728958,0.19064819812774658
585,95,1,2.9424714803952257e-07,0.14171205461025238,0.001792732160538435,0.14197203516960144,0.004056341014802456
586,97,1,1.3038269530696311e-06,0.12534645199775696,0.45996418595314026,0.1257466822862625,0.4664795696735382
587,98,1,1.2034341096978096e-06,0.12251176685094833,0.20774634182453156,0.12304241955280304,0.21228201687335968
588,101,1,1.7330846890928342e-06,0.1773815155029297,0.06715216487646103,0.1784791499376297,0.07031001895666122
589,102,1,2.231913942774e-06,0.12215529382228851,0.19508156180381775,0.12304248660802841,0.2001129686832428
590,103,1,8.119172013876241e-07,0.0009094331180676818,0.24782493710517883,0.0013520916691049933,0.25149330496788025
591,106,1,5.433262471737921e-07,0.11314745992422104,0.010994907468557358,0.11357761174440384,0.013521114364266396
592,112,1,6.240986797434456e-05,0.007164196576923132,0.9420552253723145,0.01081693172454834,0.976226806640625
593,122,1,3.6272829362360426e-06,0.45636340975761414,0.4702152907848358,0.4570147693157196,0.48135286569595337
594,125,1,1.3099564862839586e-06,0.2505408823490143,0.12434806674718857,0.25149333477020264,0.12709876894950867
595,126,1,6.223664333893097e-07,0.13458454608917236,0.22516997158527374,0.1352115124464035,0.22715529799461365
596,127,1,3.2762260911978203e-06,0.12424058467149734,0.2701287269592285,0.1257466971874237,0.27447929978370667
597,128,1,7.342049447189858e-06,0.15508972108364105,0.04436846822500229,0.1568453460931778,0.052732497453689575
598,135,1,1.3048013620564625e-05,0.09155253320932388,0.21602065861225128,0.09464800357818604,0.22445105016231537
599,148,1,1.8896795729528293e-05,0.30807173252105713,0.16228815913200378,0.3136906027793884,0.1690143495798111
600,160,1,2.342659327125851e-05,0.21308422088623047,0.4559119641780853,0.2190425843000412,0.4637753963470459
601,166,1,6.1438199102537e-05,0.17678003013134003,0.12197459489107132,0.18253548443317413,0.14332415163516998
602,174,1,1.2046779703123178e-05,0.30875706672668457,0.039244528859853745,0.3123384714126587,0.045971933752298355
603,175,1,9.03261058939897e-05,0.3125358819961548,0.4691464602947235,0.3258596956729889,0.4827050566673279
604,179,1,2.936444674084271e-05,0.49290814995765686,0.393058717250824,0.4975781738758087,0.40563443303108215
605,194,1,4.1172238037567865e-05,0.14542877674102783,0.5311965942382812,0.15143683552742004,0.5449022650718689
606,199,1,7.993667555106221e-05,0.10766290873289108,0.3076842129230499,0.118986114859581,0.3218033015727997
607,200,1,0.00015455510737893974,0.9751693606376648,0.6382928490638733,0.9843395352363586,0.6720010638237
608,201,1,2.198638094641492e-05,0.08959250897169113,0.24232397973537445,0.09329590946435928,0.2541975975036621
609,203,1,3.621492604599652e-05,0.5545893907546997,0.16093958914279938,0.5584233403205872,0.17983129620552063
610,205,1,2.878645974080385e-05,0.39396801590919495,0.27474403381347656,0.4002259373664856,0.2839440405368805
611,206,1,3.295214211362918e-05,0.3770211338996887,0.28802260756492615,0.38400059938430786,0.2974652051925659
612,207,1,1.7113362673626398e-05,0.2940196394920349,0.15772873163223267,0.2974652349948883,0.16766220331192017
613,208,1,1.0365893134012955e-05,0.11078543215990067,0.012856961227953434,0.11357767879962921,0.020281730219721794
614,210,1,9.54660377523453e-05,0.29935795068740845,0.07858685404062271,0.31233853101730347,0.09329590946435928
615,219,1,6.349692776019822e-07,0.4770905375480652,0.29129940271377563,0.47729650139808655,0.2974652349948883
616,221,1,2.9678475981231855e-06,0.07972821593284607,0.23778469860553741,0.08112688362598419,0.24202851951122284
617,224,1,9.017334048843327e-07,0.11433902382850647,0.0010034166043624282,0.11492975801229477,0.004056341014802456
618,229,1,2.871089303801977e-06,0.01852099597454071,0.2536660134792328,0.01892961375415325,0.26771870255470276
619,233,1,4.340433108929176e-05,0.14660799503326416,0.2846658527851105,0.1500847339630127,0.309634268283844
620,237,1,4.153780792187645e-06,0.13110710680484772,0.019756773486733437,0.13250723481178284,0.02569020353257656
621,238,1,1.3922074013628105e-06,0.12744280695915222,0.2825342118740082,0.1284509152173996,0.285296231508255
622,239,1,6.027422980725561e-07,0.19539572298526764,0.1320355236530304,0.19605670869350433,0.1338592916727066
623,240,1,1.9296875066326935e-06,0.163202702999115,0.02889999933540821,0.16495801508426666,0.031098682433366776
624,248,1,1.8845764504504814e-06,0.13449370861053467,0.23272103071212769,0.13521148264408112,0.2379721999168396
625,251,1,8.379614842013439e-07,0.23071499168872833,0.13724496960639954,0.2312115579843521,0.14061999320983887
626,253,1,3.132991529125606e-06,0.017765488475561142,0.21636423468589783,0.01892961375415325,0.2217468023300171
627,268,1,7.99444512455949e-06,0.10645796358585358,0.37871333956718445,0.10816918313503265,0.3880569040775299
628,273,1,2.1406967894072038e-05,0.17520317435264587,0.027995770797133446,0.18118345737457275,0.035154953598976135
629,277,1,4.819499390018578e-06,0.1706261783838272,0.3029869794845581,0.1730707287788391,0.3069300353527069
630,279,1,7.926491207399522e-06,0.44382891058921814,0.21235056221485138,0.44619783759117126,0.2190426141023636
631,287,1,8.562424479996444e-07,0.16278475522994995,0.0578438974916935,0.16360586881637573,0.0594930574297905
632,288,1,6.597743938095701e-07,0.1359381377696991,0.004668010864406824,0.13656356930732727,0.006760524120181799
633,292,1,6.104143386309602e-07,0.1565760225057602,0.3221312165260315,0.1568453013896942,0.3258596360683441
634,301,1,4.065273261333324e-05,0.5103309154510498,0.06845149397850037,0.5165078043937683,0.07571841776371002
635,309,1,1.2157407448865065e-05,0.22566628456115723,0.1382530927658081,0.2285073846578598,0.14332422614097595
636,310,1,2.590221401188586e-05,0.34565469622612,0.1905205249786377,0.3501977026462555,0.20011299848556519
637,311,1,9.752958993081151e-05,0.5893235206604004,0.1799810826778412,0.5949305295944214,0.19876091182231903
638,313,1,5.608645261556688e-06,0.12897376716136932,0.3115456998348236,0.1311550736427307,0.31504273414611816
639,315,1,2.8252852045662635e-05,0.1423393338918686,0.37063679099082947,0.14602838456630707,0.38129639625549316
640,316,1,2.252960198267928e-05,0.4697740375995636,0.3156800866127014,0.47459232807159424,0.32180333137512207
641,318,1,2.0551312701400093e-05,0.48156043887138367,0.4897926449775696,0.4854092001914978,0.4975782036781311
642,319,1,1.9405058123145302e-05,0.30743974447250366,0.1066986620426178,0.31098636984825134,0.11357761174440384
643,320,1,2.22270768906567e-05,0.25481441617012024,0.0010140025988221169,0.25825393199920654,0.00946477334946394
644,328,1,2.919299289994015e-05,0.26993197202682495,0.09437315911054611,0.27447929978370667,0.10140859335660934
645,330,1,7.067953525297099e-05,0.6077929139137268,0.21745547652244568,0.6152121424674988,0.22985951602458954
646,333,1,0.00012175700538907819,0.6357672214508057,0.3893972337245941,0.6463108658790588,0.4029301702976227
647,334,1,0.00013103845642170597,0.27538540959358215,0.5863298773765564,0.28394410014152527,0.6030431985855103
648,335,1,0.00015201748467497112,0.26735103130340576,0.6098173260688782,0.2785356342792511,0.6260291337966919
649,339,1,5.669883984882329e-05,0.018235769122838974,0.38499483466148376,0.02569020353257656,0.3948174715042114
650,343,1,1.7440927699063913e-05,0.2595985531806946,0.004236997105181217,0.2636623680591583,0.009464806877076626
651,345,1,1.137753875664338e-05,0.012099486775696278,0.23257197439670563,0.014873272739350796,0.2379721701145172
652,346,1,1.3690430419099897e-05,0.37876012921333313,0.24130746722221375,0.381296306848526,0.24878908693790436
653,348,1,2.285083311237557e-06,0.26158061623573303,0.09671147167682648,0.262310266494751,0.10140859335660934
654,349,1,1.5702804054829045e-06,0.0981060042977333,0.2789240777492523,0.09870437532663345,0.28259196877479553
655,352,1,1.1747191365207854e-06,0.18462379276752472,0.05415753647685051,0.1852397322654724,0.05678880587220192
656,353,1,1.3600815686465317e-06,0.09544254094362259,0.21303699910640717,0.09600012749433517,0.2163383662700653
657,355,1,2.1848261506640654e-06,0.16006754338741302,0.284517765045166,0.16090162098407745,0.2880004644393921
658,362,1,2.617147788375185e-06,0.17375098168849945,0.12416843324899673,0.17442280054092407,0.12980304658412933
659,364,1,1.557545620415636e-05,0.24570289254188538,0.0013499744236469269,0.24878908693790436,0.006760524120181799
660,365,1,1.0249859352162716e-05,0.35374850034713745,0.13702178001403809,0.3569582998752594,0.1406199038028717
661,371,1,1.5006842751130733e-05,0.3120395541191101,0.4256921708583832,0.31504273414611816,0.4326767325401306
662,375,1,1.0711784783179468e-05,0.13427124917507172,0.3178793787956238,0.1379157304763794,0.3218033015727997
663,376,1,1.3192140162487931e-05,0.11029074341058731,0.2108611911535263,0.11357761174440384,0.2163383662700653
664,377,1,1.5749325983360762e-05,0.33510732650756836,0.45445516705513,0.3380287289619446,0.46107110381126404
665,379,1,1.0201822357780443e-05,0.2644571363925934,0.09453091770410538,0.26771867275238037,0.09870436787605286
666,384,1,1.1134417661207152e-06,0.15333446860313416,0.04510524868965149,0.15414105355739594,0.04732400178909302
667,386,1,4.748990002478165e-07,0.15375970304012299,0.0010825797216966748,0.15414108335971832,0.0027042164001613855
668,389,1,2.6733908726761513e-06,0.17361968755722046,0.1383225917816162,0.17442280054092407,0.1433241218328476
669,391,1,1.4678018001035298e-06,0.0981956496834755,0.3016473948955536,0.09870437532663345,0.3055779039859772
670,392,1,2.6068237170273623e-06,0.024659892544150352,0.31283873319625854,0.025690170004963875,0.3163948953151703
671,393,1,1.0991004204985444e-05,0.3077830672264099,0.1432422697544098,0.3109864294528961,0.14738048613071442
672,394,1,1.0906672342825274e-05,0.289308100938797,0.0749962106347084,0.2920568287372589,0.07977475970983505
673,395,1,9.695820803345967e-06,0.10914494097232819,0.32468539476394653,0.11222552508115768,0.3285638988018036
674,410,1,8.964585549442461e-07,0.20388637483119965,0.13331063091754913,0.20416931807994843,0.13656359910964966
675,412,1,3.7475424866650897e-06,0.21229644119739532,0.13492876291275024,0.21363411843776703,0.13791565597057343
676,413,1,2.088788292373134e-06,0.13279399275779724,0.015974808484315872,0.13385935127735138,0.01892954669892788
677,422,1,1.3837438647579248e-05,0.48477908968925476,0.2200498729944229,0.48676133155822754,0.22715529799461365
678,429,1,4.442522431796075e-06,0.28632527589797974,0.0012116291327401996,0.2880004346370697,0.004056374076753855
679,430,1,3.943111212878492e-06,0.24041533470153809,0.11492646485567093,0.24202850461006165,0.11763402074575424
680,437,1,1.9834962231282324e-06,0.16629303991794586,0.0010112898889929056,0.16766220331192017,0.0027041833382099867
681,440,1,2.705524705826079e-06,0.2904299795627594,0.11559361219406128,0.29205676913261414,0.11763399094343185
682,445,1,6.494577927007583e-06,0.26127785444259644,0.45966944098472595,0.262310266494751,0.4664795696735382
683,449,1,1.8230231495053317e-05,0.301569402217865,0.4120416045188904,0.3042258024215698,0.4191555380821228
684,457,1,2.9477367969210633e-05,0.4099051356315613,0.0232253298163414,0.4137471318244934,0.03245072811841965
685,460,1,1.8813131652528625e-06,0.19156129658222198,0.1319257915019989,0.19200028479099274,0.13656356930732727
686,470,1,1.7728817657894358e-06,0.004884328227490187,0.290811687707901,0.00540846586227417,0.29476097226142883
687,471,1,1.7692810769798228e-06,0.2522851824760437,0.11514420062303543,0.25284549593925476,0.118986114859581
688,472,1,1.7969102761306033e-06,0.2752532660961151,0.15054114162921906,0.275831401348114,0.15414108335971832
689,475,1,1.1344639449795135e-05,0.10582121461629868,0.20946206152439117,0.10816911607980728,0.21498620510101318
690,477,1,3.2110504668558804e-06,0.114895761013031,0.21928748488426208,0.11628186702728271,0.22174683213233948
691,482,1,2.0306811004733305e-05,0.49680930376052856,0.26940491795539856,0.5002825260162354,0.275831401348114
692,485,1,4.454562894384839e-06,0.019847482442855835,0.19990310072898865,0.021633829921483994,0.20281721651554108
693,502,1,2.6497310109174776e-05,0.3304922878742218,0.3645677864551544,0.33397236466407776,0.37453579902648926
694,508,1,1.4927418813110577e-05,0.29275405406951904,0.000796858046669513,0.29611313343048096,0.00540846586227417
695,521,1,1.858788558362079e-05,0.2727205157279968,0.11148374527692795,0.27718353271484375,0.11628188192844391
696,529,1,2.3131476729665312e-05,0.4870588481426239,0.03855062276124954,0.4921698272228241,0.04461981728672981
697,533,1,2.1103391141696903e-05,0.102152980864048,0.3146147131919861,0.10546493530273438,0.32450753450393677
698,535,1,8.838570113911537e-06,0.034376513212919235,0.21583792567253113,0.03650713339447975,0.22039468586444855
699,542,1,3.061236365864417e-05,0.357510507106781,0.4941290020942688,0.36371883749961853,0.5016345381736755
700,543,1,3.76341740846442e-05,0.3112252652645111,0.46690133213996887,0.31774696707725525,0.4745922386646271
701,545,1,9.446389166445357e-06,0.1761544644832611,0.3012043833732605,0.1784791350364685,0.30557793378829956
702,551,1,8.376828313672036e-05,0.4163142144680023,0.20701010525226593,0.4232119619846344,0.22174681723117828
703,553,1,9.248623482338569e-07,0.02131846733391285,0.26219770312309265,0.021633829921483994,0.2663666009902954
704,555,1,6.638308609474564e-07,0.2603967487812042,0.10475768893957138,0.26095813512802124,0.10681705921888351
705,556,1,2.9903971354716674e-07,0.1539769321680069,0.14975787699222565,0.15414106845855713,0.15278896689414978
706,557,1,9.831130163007185e-07,0.15089470148086548,0.04746955633163452,0.15143683552742004,0.050028249621391296
707,560,1,1.0518389981298282e-05,0.09753518551588058,0.011173628270626068,0.10005643218755722,0.016225380823016167
708,566,1,2.4083668876517805e-05,0.18124498426914215,0.13336142897605896,0.18659187853336334,0.13926783204078674
709,567,1,1.694746101665867e-05,0.11828882992267609,0.48733535408973694,0.1216902956366539,0.4948740005493164
710,569,1,5.2179415621855796e-05,0.1377882957458496,0.2982899248600006,0.1446763128042221,0.30828213691711426
711,572,1,2.8611396260203037e-05,0.4302077889442444,0.3031214475631714,0.43402883410453796,0.31233859062194824
712,573,1,1.9405671222161303e-05,0.40596243739128113,0.20077063143253326,0.4096907377243042,0.20822566747665405
713,575,1,0.00011201990375153681,0.044859256595373154,0.49559980630874634,0.05543668195605278,0.5097472667694092
714,581,1,3.207853579800801e-05,0.03721460700035095,0.3932725191116333,0.04326772689819336,0.400225967168808
715,587,1,5.308803811652574e-05,0.20297452807426453,0.0008089223993010819,0.20957769453525543,0.010816913098096848
716,589,1,7.929241526638542e-05,0.1159326583147049,0.1936790496110916,0.12033820152282715,0.21228201687335968
717,592,1,6.550970231578024e-05,0.49962130188941956,0.060633230954408646,0.5070430636405945,0.07166207581758499
718,593,1,7.21594351694721e-05,0.41829928755760193,0.08324920386075974,0.4259161353111267,0.09464803338050842
719,594,1,0.000270322330145234,0.3891320526599884,0.5412474870681763,0.4042823314666748,0.5638318657875061
720,596,1,1.7986462864438835e-05,0.12840817868709564,0.2232120931148529,0.13250726461410522,0.2285073846578598
721,601,1,7.185516929410912e-05,0.19119644165039062,0.0009128404781222343,0.2001129388809204,0.010816865600645542
722,611,1,1.1345763639147854e-06,0.15219658613204956,0.0360456220805645,0.15278896689414978,0.03921128436923027
723,614,1,3.839820518103387e-06,0.17844466865062714,0.103844553232193,0.17983122169971466,0.10681702196598053
724,618,1,4.559843456597434e-06,0.2848659157752991,0.14458487927913666,0.2866482734680176,0.1473805010318756
725,620,1,1.7360769933127788e-06,0.0008790977299213409,0.23914895951747894,0.0013521247310563922,0.2433806210756302
726,623,1,8.05421189964406e-06,0.12587518990039825,0.2760649621486664,0.1284508854150772,0.2798877954483032
727,624,1,5.101474622390412e-06,0.28048259019851685,0.0012052776291966438,0.2825919985771179,0.004056341014802456
728,625,1,1.206726538593994e-05,0.3356219232082367,0.02191735804080963,0.33938083052635193,0.02569020912051201
729,626,1,9.412366846595077e-06,0.11463137716054916,0.3234388828277588,0.11763402074575424,0.32721176743507385
730,627,1,1.1365295009779786e-05,0.3467836081981659,0.13987202942371368,0.3501977026462555,0.1433241367340088
731,628,1,1.556911753120005e-05,0.08319617807865143,0.21501915156841278,0.08653531968593597,0.22039470076560974
732,629,1,5.508758088246246e-06,0.12291112542152405,0.2177909016609192,0.12439454346895218,0.22309893369674683
733,631,1,1.3601883243584412e-06,0.2644808888435364,0.0019151985179632902,0.26501449942588806,0.005408432800322771
734,632,1,1.0923407789409367e-06,0.03183082118630409,0.2163975089788437,0.03245072811841965,0.2190426141023636
735,635,1,1.5340782515416151e-06,0.14677001535892487,0.28952452540397644,0.1473805010318756,0.29340890049934387
736,638,1,2.7456978254347675e-06,0.24772417545318604,0.1470956802368164,0.24878913164138794,0.15143688023090363
737,646,1,1.1011436565122601e-05,0.33494094014167786,0.08670204877853394,0.3380286693572998,0.09059169143438339
738,648,1,1.0795261064400208e-05,0.3834646940231323,0.0641842931509018,0.38670486211776733,0.06760574132204056
739,649,1,2.3858221332093144e-06,0.15223665535449982,0.007505147252231836,0.15278896689414978,0.013521147891879082
740,651,1,1.309270607789334e-05,0.29920846223831177,0.0009982228511944413,0.3028737008571625,0.00540846586227417
741,670,1,3.758868761583045e-06,0.28889161348342896,0.09456430375576019,0.2907046675682068,0.0973522812128067
742,672,1,1.9340813328661e-05,0.33356034755706787,0.4436763525009155,0.33667653799057007,0.4516063630580902
743,673,1,3.052823737981214e-05,0.5020111203193665,0.4141964912414551,0.5070430040359497,0.4218598008155823
744,674,1,2.0073675961202603e-06,0.13387353718280792,0.0009694753680378199,0.13521148264408112,0.004056407138705254
745,681,1,1.585840777580891e-06,0.0008527321042492986,0.0018483746098354459,0.0013521247310563922,0.005408432800322771
746,683,1,1.7561807191812662e-06,0.08874090015888214,0.21520070731639862,0.08923956751823425,0.2190426141023636
747,699,1,5.081011887397846e-06,0.022777941077947617,0.2828470468521118,0.024338046088814735,0.28664836287498474
748,700,1,5.880355891774158e-06,0.2834169566631317,0.14924730360507965,0.285296231508255,0.15278896689414978
749,701,1,8.82274056790422e-06,0.3391496539115906,0.10453958809375763,0.342085063457489,0.10816918313503265
750,702,1,1.1483862187189331e-05,0.34140434861183167,0.08560654520988464,0.34478920698165894,0.08923958986997604
751,705,1,2.908946350466124e-05,0.4972853362560272,0.5051990747451782,0.5029866695404053,0.5110993385314941
752,709,1,3.032261538749026e-06,0.2678961753845215,0.15096093714237213,0.2690708339214325,0.15549318492412567
753,710,1,7.516389970707582e-07,0.12797482311725616,0.024485521018505096,0.1284508854150772,0.027042295783758163
754,729,1,4.289829700088177e-05,0.08447840064764023,0.5089070796966553,0.09059172868728638,0.5165078639984131
755,732,1,4.134238062825091e-05,0.30084165930747986,0.4840662181377411,0.3069300651550293,0.4921697676181793
756,734,1,3.2921653690731745e-05,0.49422040581703186,0.34495970606803894,0.5002825260162354,0.3515499234199524
757,735,1,4.005645596749652e-05,0.08517641574144363,0.44123443961143494,0.090591661632061,0.4502542018890381
758,736,1,3.666463914722695e-05,0.017205359414219856,0.4421256184577942,0.022985953837633133,0.45025426149368286
759,737,1,3.342336249367861e-05,0.4820910692214966,0.26131248474121094,0.4881134331226349,0.2690708637237549
760,747,1,2.52100397095667e-05,0.18234869837760925,0.48887330293655396,0.18659181892871857,0.49622613191604614
761,756,1,7.161408925579482e-06,0.23813390731811523,0.0009134161518886685,0.2406763881444931,0.0054084244184195995
762,758,1,1.4144226569312579e-05,0.2650038003921509,0.14358633756637573,0.2690708041191101,0.14873261749744415
763,759,1,2.2296976308622263e-05,0.23027372360229492,0.45137134194374084,0.23391588032245636,0.45836687088012695
764,762,1,2.3327106640991246e-05,0.3366849720478058,0.49656814336776733,0.3407329022884369,0.5029866695404053
